,sentiment_polarity
0,0.1280907668231611
1,0.0837518037518037
2,0.4025974025974025
3,0.0952856091995436
4,0.0096171802054155
5,0.1011545138888889
6,0.0279503105590062
7,0.4542857142857143
8,0.1347727272727272
9,0.4222222222222222
10,0.2408333333333333
11,-0.1353477961432506
12,0.4914141414141413
13,0.1386904761904761
14,0.0129813345091122
15,0.2149305555555556
16,0.0203124999999999
17,0.4381475667189952
18,0.0322301587301587
19,0.0393650793650793
20,0.1341903887358433
21,-0.0768518518518518
22,0.1296626984126983
23,-0.0937499999999999
24,0.1875510204081632
25,0.4467013888888889
26,-0.02875
27,0.198167044595616
28,0.0
29,-0.0107492997198879
31,0.2492592592592592
32,-0.2920977011494253
33,0.175
34,0.2018973214285713
35,0.0143209876543209
36,0.1682678785433024
37,-0.0761261261261261
38,0.009006523363518
39,0.0195488721804511
40,-0.1610830527497194
41,0.3262759170653908
42,0.2049382716049382
43,0.0988095238095238
44,-0.078858024691358
45,-0.1358974358974359
46,0.0740214646464646
47,0.0402454780361757
48,0.2502777777777777
49,0.5526643990929706
50,0.2456098983758558
51,-0.0132575757575757
52,0.0512228260869565
53,0.3055142438206954
54,0.2621794871794872
55,-0.0346949891067538
56,-0.0161376817626817
57,0.108956005235075
58,0.142345238095238
59,-0.2600694444444444
60,0.4636272780717225
61,0.1201680672268907
62,0.0544784580498866
63,0.0411764705882353
64,0.0180555555555555
65,0.29805722732552
66,0.0326318742985409
67,-0.1432178932178931
68,-0.1740728715728715
69,0.0225414522584333
70,0.3470588235294117
71,-0.0767241379310344
72,0.0489826839826839
73,-0.076068376068376
74,0.2505050505050504
75,-0.1106630824372759
76,0.2229100529100529
77,-0.1377229437229437
78,0.0346781305114638
79,-0.0466786980749746
80,-0.0666666666666666
81,0.1954545454545454
82,0.0366964285714285
83,-0.5
84,-0.126875
85,-0.0645295965608465
86,0.2370588235294117
87,0.0328407224958949
88,0.4394047619047617
89,-0.0759530791788856
90,0.3692307692307692
92,0.0415637860082304
93,-0.1765274498229044
94,0.116053391053391
95,-0.0332242063492063
96,0.0184523809523809
97,-0.041243961352657
98,0.2585714285714285
99,0.4117248677248676
101,0.1961309523809524
102,0.3253913594822687
103,0.290787037037037
104,-0.0030565862708719
105,0.2429523809523809
106,0.1849532412032412
107,0.1148989898989898
108,0.136734693877551
109,-0.0799283154121864
110,-0.0195150594086764
111,0.1276881720430107
112,0.2347476597476597
113,0.0857468123861565
114,-0.1748015873015873
115,-0.1472222222222222
116,0.0836805555555555
117,-0.0357879818594104
118,0.3165164710630899
119,0.1498015873015873
120,0.0533639971139971
122,-0.0813559704184704
123,-0.0003601953601953
124,-0.0666666666666666
125,0.051563492063492
126,-0.0728571428571428
127,0.1802197802197802
128,0.0270833333333333
129,-0.0466583124477861
130,-0.0355555555555555
131,0.1372374539041205
132,-0.080140273163529
133,0.0275510204081632
134,0.2206293706293705
135,0.1764083411142234
136,-0.0550420168067227
137,0.1403831417624521
138,-0.1805013550135499
139,-0.17427701674277
140,0.0243827160493827
141,0.0829373278236914
142,0.0207816804407713
143,0.0309728057889822
144,0.0202687851600895
145,0.0357287157287157
146,0.0070802005012531
148,-0.0157625820891126
149,0.0991203703703704
150,0.0898989898989899
151,-0.1779967804731955
152,-0.0468389780154486
153,0.0758040935672514
154,-0.0883454106280193
155,0.2313797313797314
157,-0.0043887147335423
158,-0.0577093855218855
159,-0.0547902494331065
160,0.034021164021164
161,0.058119658119658
162,0.0992997198879551
163,-0.1510782877604166
165,0.2346938775510204
166,0.0
167,0.0470068027210884
168,0.4264942528735631
169,-0.0071428571428571
170,0.0523569023569023
171,0.15
172,0.2409259259259259
173,0.17
174,-0.0639473684210526
175,-0.4882716049382714
176,0.2061403508771929
177,0.1607142857142857
178,0.268796992481203
179,0.3888546481766821
180,-0.0820578231292517
181,0.0197916666666666
182,0.0470440251572327
183,-0.1255742913000977
184,0.0731182795698924
185,-0.1311111111111111
186,0.0166666666666666
187,0.4194444444444445
188,0.0993749999999999
189,0.3
190,0.0555555555555555
191,0.0309676434676434
192,0.0138888888888888
193,-0.0625
194,-0.0078128220985363
195,-0.1056254442075337
196,0.1182291666666666
197,-0.0440029173724825
198,-0.0156183993140514
199,0.0269436792164064
200,-0.0550899470899471
201,0.3084033613445378
202,-0.0282857142857142
203,0.1134615384615384
204,0.3154761904761905
205,0.1956833139759969
206,0.1324810606060605
207,-0.0789473684210526
208,0.1297161172161172
209,0.3471560846560846
210,0.1894444444444444
211,-0.232336956521739
212,0.1981884057971014
213,-0.0142020202020202
214,-0.0401409566043712
215,-0.0690867003367003
216,0.0595541885015569
217,0.1019047619047619
218,0.0869005403579871
219,-0.2499769520602852
220,-0.0619781559436731
221,-0.1098102678571428
222,-0.1605744949494949
223,0.1653061224489796
224,-0.1405405405405404
225,-0.0425903119868637
226,-0.0182852965747702
227,0.1699832775919732
229,0.0837391774891774
230,-0.014861111111111
231,-0.0489557109557109
232,0.0217391304347826
233,0.0288124488124488
234,0.1257362272430765
235,0.0029605263157894
236,-0.0955964405964406
237,0.0067816091954023
238,0.1333333333333333
239,-0.3505468447541617
240,-0.0166666666666666
241,0.2458333333333333
242,-0.0145714285714285
243,0.0075918762088974
244,0.225
245,0.2011054421768707
246,0.1870396825396825
247,-0.1430555555555555
248,-0.1618888888888889
249,-0.0291847041847042
250,0.1821428571428571
251,0.1958333333333333
252,0.0370247323735696
253,0.1419886363636363
254,-0.0217125739184562
255,0.169966120835686
256,0.2198556998556998
257,0.0252136752136752
258,0.0089869281045751
259,0.0127572016460906
260,0.1440643863179075
262,-0.0247093023255813
263,-0.0803590217652717
264,0.4531972789115646
265,-0.0013306063306063
266,-0.1139172335600907
267,0.4577777777777778
268,-0.0555651755651755
269,0.2233924611973392
270,0.3172619047619047
271,0.343560606060606
272,0.2385770584634221
273,0.0995455709165386
274,0.0300718065003779
275,0.3311090225563909
276,-0.0057289107289107
277,0.2166666666666666
278,0.0428986291486291
280,-0.05258547008547
281,0.2679523008636931
282,-0.0893240284619595
283,-0.0660101010101009
284,0.3346296296296296
285,0.0479515653428696
286,0.0040849673202614
287,-0.2416666666666666
288,-0.0222004213207916
289,0.2562280972995259
290,-0.0222222222222222
291,-0.0077380952380952
292,-0.1190012626262626
293,-0.2285714285714285
294,0.0728734228734228
295,0.0090067340067339
296,-0.0543233082706766
297,-0.0565575396825396
299,0.2518518518518518
301,0.217426400759734
302,0.1929629629629629
303,0.0896164021164021
304,-0.0971194727891156
305,0.0875368480725623
306,0.0783185941043083
307,0.1606283422459893
308,0.1896551724137931
309,-0.1254895104895104
310,0.1095544217687075
311,0.2680555555555555
312,-0.1141762452107279
313,0.2193831168831169
314,-0.1883475406623554
315,0.1189517947330447
316,0.0964285714285714
317,0.0023965617715617
318,-0.0581695331695331
319,0.0493181818181818
320,0.0136792452830188
321,0.1176530612244897
322,-0.0717371475953565
323,0.1814285714285714
324,-0.0037047371031746
326,-0.0605549543049543
327,0.0116874527588813
328,0.0119490358126721
329,-0.2902173913043478
330,0.0539898989898989
331,0.0453073503999429
332,-0.1606168831168831
333,-0.0195469303423848
334,-0.17625
335,-0.281005772005772
336,0.03625
337,0.3279761904761905
338,0.0500544662309368
339,0.04834229390681
340,-0.0116057961646197
342,0.3249999999999999
343,0.1083178726035868
345,0.0388030888030887
346,-0.1010912698412698
347,-0.0424999999999999
349,0.0051851851851851
350,0.1275917658730158
351,0.0638616557734204
352,-0.2559923957621324
353,0.209090909090909
354,0.3086099086099085
355,0.0571637426900584
356,-0.0040584415584415
357,0.1034603174603174
358,0.2455357142857142
359,0.0039930555555555
360,0.1267857142857142
361,-0.2322916666666666
362,-0.0441106072058453
363,0.0007287157287157
364,-0.1059183383127045
365,0.1499999999999999
366,0.2109999999999999
367,0.3368055555555556
369,-0.0761111111111111
370,0.1803763440860215
371,0.0582631874298541
372,-0.0701388888888888
373,-0.1638888888888889
374,0.0501748251748251
375,-0.0101851851851851
376,0.0153011348350331
378,0.0759523809523809
379,0.133143547273982
380,0.215859250398724
381,0.0544279907084785
382,0.0749999999999999
383,-0.0057912457912457
384,0.1899999999999999
385,-0.175297619047619
386,-0.0535481770833333
387,0.2307894736842105
388,0.233107553366174
389,0.2285714285714286
390,-0.0343621399176954
392,0.2021825396825396
393,0.2836541708882134
394,-0.465497076023392
395,0.1698329448329448
396,-0.0383320383320383
397,0.1367524209391679
398,0.1005419710497835
399,0.0661487322201608
400,0.1777777777777777
401,0.1659337214509628
402,-0.016833028083028
403,-0.0740891053391053
404,0.0573717948717948
405,0.1513888888888888
406,0.0920666666666666
407,-0.1071133412042503
408,-0.0008918165168165
409,0.1227777777777777
410,-0.1489864864864865
411,-0.0894907407407407
412,0.0634768740031898
413,0.0507792207792207
414,-0.02493961352657
415,0.1666666666666666
416,-0.0191027926322044
417,0.0955596606458675
418,-0.1674913194444444
419,0.0823051948051947
420,0.0682815812445442
421,-0.1442411924119241
422,-0.032840909090909
423,0.0347926267281106
424,0.1763888888888888
425,-0.1391975308641975
426,0.5432471264367814
427,-0.1837784900284901
428,-0.0128292181069958
429,0.3085714285714286
430,0.1811766375700801
431,-0.3468486557302344
432,0.1673076923076923
433,0.0530753968253968
434,-0.0188591269841269
435,0.0967532467532467
436,0.0057495955223227
437,-0.0912990368804322
438,-0.0616910866910866
439,0.0160243055555555
440,0.2031926406926407
441,0.015340909090909
442,-0.0085906232132647
443,0.0344771241830065
444,0.0692964756524078
445,-0.0873015873015873
446,-0.1486772486772486
447,0.0711681547619047
448,-0.1049931369443564
449,-0.0891666666666666
450,0.0116393442622951
451,-0.1053104575163398
452,0.3808664374840844
453,-0.0889020070838252
454,0.3544444444444444
455,0.275
456,0.1134615384615384
457,0.0545454545454545
458,-0.0313692480359147
459,0.1235294117647058
460,0.0301852342668669
461,0.1109861111111111
462,0.2962962962962963
463,0.0275946275946276
464,-0.1072463768115941
465,0.0536169144864797
466,0.0182968682968682
467,-0.0973577235772357
468,0.2937908496732027
469,-0.0116919702414985
470,0.3673202614379084
471,0.2465201465201465
472,0.3128968253968254
473,0.202766106442577
475,-0.0252305665349143
476,0.1939560439560439
477,-0.1601572039072039
478,-0.0392057833234303
479,-0.0609008632692843
480,0.0247689662583279
481,-0.1213333333333333
482,-0.1528787878787878
483,-0.0586111111111111
484,-0.1875448028673835
485,-0.0990014430014429
486,0.0212632275132275
487,0.2357142857142857
488,-0.2407196969696969
489,0.2635714285714285
490,-0.0145408163265306
491,0.1354938271604938
492,-0.0326388888888888
493,0.292402447089947
494,-0.0575
495,-0.0278155706727135
496,0.1250868055555555
497,-0.0639172335600906
498,-0.3796296296296297
499,0.0242025335775335
500,0.1140325670498084
501,-0.0056547619047618
502,0.0065217391304347
504,0.1825152788388081
506,0.0886136712749615
507,0.0272659022659022
508,0.0342527842527842
509,-0.0647893772893772
510,0.0432393432393432
511,0.0178128006253006
512,-0.1464913493215381
513,-0.0207893957893958
514,0.0501339149066421
515,0.0314826839826839
516,-0.0006930779658052
517,-0.0448137388926862
518,-0.295754716981132
519,0.1512760789934702
520,-0.1245441595441594
521,-0.0060416666666666
522,0.0938504477978162
523,0.25625
524,-0.1873932877158683
525,0.1037157287157287
526,0.1133089133089133
527,0.0235
528,-0.2056122448979592
529,0.2116666666666666
530,-0.0207407407407407
531,0.51
532,-0.0969356261022927
533,0.0574786324786324
534,0.2785714285714286
535,0.0481280193236715
536,0.0149821039526921
537,-0.2157407407407407
538,-0.0528269144648455
539,0.1889715608465608
540,-0.025297619047619
541,0.0734946514837819
542,-0.0768004115226337
543,0.0026348426348426
544,0.0582905982905982
545,0.3471766848816029
546,0.3441326530612246
547,0.033204384268214
548,0.2557152477152477
549,0.0794444444444444
550,0.2317220279720279
551,0.2393290043290043
552,0.1703768736932002
553,0.121875
554,0.2146541950113378
555,0.2911111111111111
556,-0.1088492063492063
557,-0.0585858585858586
558,0.3232672590567327
559,0.1589657802514945
560,0.0
561,-0.0523061497326203
562,0.1643386243386243
563,0.0477272727272727
564,0.0905172413793103
565,0.02886920047937
566,-0.1746527777777777
567,0.3813852813852814
568,-0.1055426716141002
569,-0.0154982363315696
570,0.3574786324786325
571,0.4222222222222223
572,0.0085073423308717
573,0.1754911180773249
574,0.3703703703703704
575,0.2771428571428571
576,0.2339133089133089
578,-0.1195572748764238
579,0.0579179067460317
580,0.473076923076923
581,0.0943655303030302
582,-0.038005513005513
583,0.1674886621315192
584,0.2177777777777779
585,0.0242592592592592
586,0.0828847481021393
587,0.1529012345679012
588,0.0995402298850574
589,-0.0054550264550264
590,0.078125
591,-0.0915700040700041
592,0.2048305860805862
593,-0.0049591149591149
594,0.0707524985302763
596,-0.1154837852206273
597,-0.0447589098532494
598,-0.0522422889610389
599,0.2916666666666667
600,-0.0606060606060605
601,-0.057739898989899
602,0.1707333333333333
603,-0.0064845339845339
604,-0.1145087235996327
605,0.0828530844155844
606,0.0321428571428571
607,0.1834573412698412
608,0.1138888888888889
609,0.0122180451127819
610,0.0852681332273169
611,-0.1262463343108504
612,0.0291666666666666
613,-0.0241622574955908
614,0.251
615,-0.0793055555555555
616,0.2249594155844155
617,0.0274436090225563
618,0.0593692480359147
619,-0.1255974377925597
620,0.0675653594771242
621,0.1099047579404722
622,0.0404761904761904
623,-0.1975974257224256
624,0.2104187192118226
625,0.1438795853269537
626,-0.1030113378684807
627,-0.04375
628,0.2369747899159665
629,0.25
630,0.0576068376068376
631,0.017824074074074
632,0.3262759170653908
633,0.0652467131633798
634,-0.0145382395382395
635,0.1376505791760029
636,-0.026588332302618
637,-0.3758397932816537
638,0.2272524033087413
639,0.135625
640,0.2909863945578231
641,0.1302857142857143
642,0.2117499999999999
643,0.0858333333333333
644,-0.0385558390022675
645,-0.0581196581196581
646,0.075
647,-0.1008870041523102
648,0.1806362658057573
649,0.308735632183908
650,0.1836451247165532
651,0.0570062451209992
652,0.1270952380952381
653,0.0588235294117647
654,0.0132441632441632
655,0.0668647801000742
656,-0.0368508158508158
657,-0.1116697994987468
658,0.1439393939393939
659,0.0793993993993993
660,0.110576923076923
661,0.0439249639249639
662,0.0102276130578017
663,0.1490384615384615
664,-0.025719246031746
665,0.1245482295482295
666,-0.1487939958592132
667,-0.1462813620071684
668,0.0355026455026454
669,-0.0196344735077129
670,0.0553571428571428
671,0.0996119929453263
672,-0.0484818228366615
673,0.0644886363636363
674,-0.0215327536448226
675,-0.0450892857142857
676,0.1393939393939394
677,-0.058130081300813
678,0.1226851851851851
679,0.3398415977961433
680,-0.0052478354978354
681,-0.0855823863636364
682,0.0071941216678058
683,0.128395061728395
684,-0.1594763630089717
685,0.1701388888888888
686,0.1307936507936508
687,-0.3384615384615384
688,-0.0004719004719004
689,-0.0416148989898989
690,-0.2469246031746031
691,0.1490421455938697
692,0.1415584415584415
693,0.284475916803503
694,0.1690230224321133
695,0.0199494949494949
696,0.1084795321637427
697,-0.0801060606060606
698,0.0194390084801043
699,0.0718434343434343
700,-0.0572800925925925
701,-0.1693121693121693
702,-0.0828241719520789
703,0.1701388888888889
704,0.3218676122931441
705,0.0826923076923076
706,0.4112179487179487
707,-0.0234330886504799
708,-0.2915458937198067
709,-0.024142156862745
710,0.2576923076923077
712,0.0764665286404417
713,-0.0007210031347962
714,0.5
715,0.0642857142857143
716,-0.2430886243386244
717,0.1428030303030303
718,0.0716931216931216
719,0.0830609668109668
720,0.0072916666666666
721,-0.0126077097505668
722,-0.1190416065416066
723,0.1009575569358177
724,0.1521201814058957
725,-0.0211640211640211
727,0.1371610845295055
728,0.0952991452991453
729,-0.1395622895622895
730,0.266504329004329
731,0.2113174603174603
732,0.1204906204906205
733,0.1966089466089466
734,-0.0571859903381642
735,0.0027590187590187
736,-0.0505758807588075
737,-0.0837813620071684
738,0.2248817966903073
739,-0.0537499999999999
740,0.175
741,0.0659411576078242
742,0.3181818181818182
743,-0.0898741105637657
744,0.1124125874125874
745,-0.1005952380952381
746,0.0727324263038549
747,0.0252986211319544
748,-0.1120388245388245
749,0.0750544034818228
750,0.1362554112554112
751,-0.0420479609995739
754,-0.0508680555555555
755,0.021725659960954
757,0.0241679467485919
758,-0.0100538971807628
759,0.0947786690433749
760,0.0751709401709401
762,-0.0718841893841894
764,-0.0576190476190476
767,-0.1087752525252525
770,0.5328888888888889
771,0.0337551652892561
772,-0.0300270276460752
773,0.1982331821617536
774,0.0356745363689808
775,0.0013036963036963
776,0.0856152322254017
777,-0.0809374999999999
778,0.0576118326118326
779,0.1439437689969604
780,0.1899489795918367
781,-0.159870337995338
782,-0.0402534965034964
783,0.3183945861830477
784,-0.1712295081967213
785,0.0270796197266785
786,-0.0381313131313131
787,-0.0075892857142857
788,0.2743333333333334
789,-0.1622507542962088
790,0.0246139277389277
791,-0.0639136904761904
792,0.0215901438628711
793,-0.0233630213138409
794,0.030593607305936
795,-0.1235663082437275
796,0.0334619302266361
797,-0.0150330687830687
798,0.1701113172541744
799,0.1225347066726377
800,-0.1264367816091954
801,0.0951186744290192
802,0.2152736549165121
803,0.104
804,-0.1193121693121693
805,-0.020770202020202
806,0.0296666666666666
807,0.17906284606866
808,0.1111772486772486
809,-0.2157952069716774
810,-0.004772948140295
811,0.19375
812,0.1879682539682539
813,-0.2575036075036074
814,-0.159375
815,-0.0428819444444444
816,0.1403116883116882
817,0.1677944862155388
818,0.0403790000848824
819,-0.0444055944055944
820,-0.1411753590325019
821,0.1378571428571428
822,0.1940035273368606
823,-0.0524886877828054
824,0.1235714285714285
825,-0.1091111111111111
826,-0.0986076301865776
827,0.011021505376344
828,0.0052116402116401
829,0.2717391304347826
830,0.6702702702702702
831,-0.0048611111111111
832,0.2518217893217893
833,-0.0357843137254902
834,-0.0502840909090909
835,0.1557164307164306
836,0.0115961199294532
837,-0.0080272108843537
838,-0.0458333333333333
839,-0.0310073390151515
840,0.0259227994227994
841,0.1124338624338624
842,-0.2862847222222222
843,0.1120967741935483
844,0.1380566801619433
845,0.1212606837606837
846,0.0965277777777777
847,0.088475665748393
848,0.0158844942935851
849,0.1385656565656566
850,0.1830729166666666
851,-0.0775779967159277
852,0.1521739130434782
853,-0.1030538302277432
855,-0.0450328407224959
856,-0.1361476608187134
857,0.0359799382716049
858,-0.0365079365079365
859,0.1797142857142857
860,0.2303125
861,0.0972451790633608
862,0.0267855503082775
863,-0.1097643097643098
864,0.1906565656565655
865,-0.0113104731525784
866,-0.0237918871252204
867,-0.1282647907647908
868,0.257437275985663
869,-0.0709491170205456
870,0.0761758511758512
871,-0.0292362802128427
872,0.0741787624140565
873,0.0224219547390279
874,0.2617777777777778
875,0.0661290322580645
876,0.2743439393939393
877,0.1622727272727272
878,0.0727023809523809
879,0.0030595238095238
880,0.0541421871779014
881,0.0407987711213517
882,-0.3829529056801783
883,0.2158279220779219
884,0.1506308506308506
885,0.1547619047619048
886,-0.0126537803281989
887,0.1032102860907208
888,-0.0792929292929292
889,0.188034188034188
890,0.0322377914483177
891,0.1909090909090909
892,-0.0325396825396825
893,0.0579365079365079
894,0.0308760683760683
895,0.1355641355641355
896,0.0543410293410293
897,0.0924836601307189
898,0.062571225071225
899,0.0012987012987013
900,0.0455270963604296
901,0.0702614379084967
902,0.2361751152073732
903,0.0052714646464646
904,-0.0238588263588263
905,0.0039351851851851
906,-0.0200396825396825
907,-0.0782661782661782
908,-0.0430082417582417
909,-0.0756687242798354
910,0.0600378787878787
911,0.0155218599367535
912,-0.2183159722222222
913,-0.2391636141636142
914,-0.0263492063492063
915,0.0232653061224489
916,-0.0068566618566618
917,0.1428571428571428
918,-0.0493500273672687
919,0.1895871985157699
920,0.0551126178785753
921,-0.1005112942612942
922,-0.0507386363636363
923,-0.0238086913086913
924,-0.0248133116883116
925,-0.0636120463898241
926,-0.2848148148148148
927,-0.0748386644219978
928,0.0150083612040133
929,-0.0926671732522796
930,0.0175925925925925
931,0.0264597505668934
932,-0.0778455284552845
933,0.0053256704980842
934,-0.0255262249827467
935,0.318460534898891
936,-0.1456746031746031
937,0.1286616161616161
938,0.3639784946236559
939,-0.0875457875457875
940,0.0630287569573283
941,-0.0251262626262626
942,-0.0459934897144199
943,0.006704260651629
944,0.0139730639730639
945,0.1142613636363636
946,0.1876748251748252
947,0.1280136684303351
948,-0.0076923076923076
949,0.0235064935064935
950,0.1079924242424242
951,-0.0469565217391304
952,-0.036875
954,-0.1157623224728488
955,0.0626190476190476
956,0.1287687687687687
957,0.1046356421356421
958,0.3780487804878049
959,-0.0663461538461538
960,0.3283289415898111
962,0.095625
963,0.0438161616161616
964,0.0322632793563026
965,0.0331465919701213
967,0.0513333333333333
968,0.2366666666666666
969,0.031594304388422
970,-0.041321044546851
971,0.076082251082251
972,-0.0629788450543167
973,-0.0007810245310245
974,0.4066964285714286
975,-0.2194444444444444
976,0.1200960497835497
977,0.2043281653746769
978,0.0545054945054945
979,-0.0684474206349206
980,-0.100997150997151
981,-0.0193877551020408
982,-0.0180744949494949
983,0.0122222222222222
984,-0.0043083900226757
985,0.3394557823129251
986,0.2456521739130434
987,0.334375
988,0.3328571428571428
989,-0.2206666666666666
990,-0.0404678986022269
991,0.1358954451345755
992,-0.1123333333333333
993,0.0698829565496232
994,0.3247619047619048
995,0.4474303155882745
996,-0.038513441291219
997,0.0835714285714285
998,-0.041796383285745
999,0.1257168458781361
1000,0.0799342105263157
1001,0.0633039388594944
1002,0.1595238095238095
1003,0.1440191387559809
1004,0.1740641711229946
1005,0.0017558099794941
1006,-0.0740583804143126
1007,0.1066709566709566
1008,0.1068655303030303
1009,-0.0135751453933272
1010,0.0258557800224466
1011,0.1284013605442177
1012,-0.0079999999999999
1013,0.0982697947214076
1014,0.259881388452817
1015,0.0510542929292929
1016,-0.1399999999999999
1017,0.3239788359788361
1018,0.0477502295684113
1019,0.0392063492063491
1020,0.0417207792207792
1021,0.119655248133509
1022,0.1676388888888889
1023,0.0030844155844155
1025,0.3668921356421357
1026,-0.0386904761904761
1027,0.0243571428571428
1028,-0.1820767195767196
1029,-0.0033841158841158
1030,0.000837456194599
1031,-0.3387455908289241
1032,-0.0382167545098579
1033,-0.0784995614407378
1034,0.1846382783882783
1035,0.0240993788819875
1036,0.0266666666666666
1037,-0.1770940170940171
1038,0.1688735177865612
1039,-0.0188405797101449
1040,0.0118820861678004
1041,-0.0116181657848324
1042,-0.02375
1043,0.0032567049808429
1044,0.1345238095238095
1045,0.2996498599439776
1046,0.1053571428571428
1047,0.0892454954954954
1048,0.1284498834498834
1049,0.2913875598086123
1050,0.1453214285714285
1051,0.2829940025252525
1052,-0.0394230769230769
1053,-0.0181818181818181
1054,0.2631313131313131
1055,0.1967626262626262
1056,0.0146013708513708
1057,-0.2103703703703703
1058,-0.1409340659340659
1059,-0.0838470017636684
1060,0.2910714285714286
1061,-0.2991935483870967
1062,0.0339568040654997
1063,0.3333333333333333
1064,-0.1186813186813187
1065,0.0988095238095238
1066,0.3372685185185186
1067,0.0245656565656565
1068,-0.0843643198906356
1069,0.3166666666666666
1070,0.2008177008177008
1071,-0.0916666666666666
1072,-0.025
1073,-0.0449342757936507
1074,0.1392857142857143
1075,-0.0179473304473304
1076,0.1812794612794613
1077,0.0994739057239057
1078,0.1306553911205074
1079,0.0338619713619713
1080,0.2264630431297098
1082,0.1431286549707602
1083,-0.1149098875661375
1084,0.0477415966386554
1085,0.3118571428571428
1086,0.0235695828719084
1087,0.0868421052631579
1088,0.0297632575757575
1089,-0.0196875
1091,-0.0546192956349206
1092,0.162037037037037
1093,0.0367003367003367
1095,0.1384872534872535
1096,0.0123015873015873
1097,0.0273351648351648
1098,0.2699675324675324
1099,0.0123148148148148
1100,0.1432291666666666
1101,-0.0529999999999999
1102,0.0292173252279635
1103,-0.0956666666666666
1104,0.1401515151515151
1105,0.031091131091131
1106,0.0491071428571428
1108,0.200678943452381
1109,0.0080038933812518
1110,0.0269572094572094
1111,0.3732142857142857
1112,-0.0426334776334776
1113,0.0075396825396825
1114,-0.0375328375328375
1115,0.0765757575757575
1116,0.2258858858858858
1117,0.03252442002442
1118,0.2036324786324786
1119,-0.1328282828282828
1120,0.0515782828282828
1121,-0.0157291666666666
1122,-0.0757544043258329
1123,0.0594104308390022
1124,-0.1566122004357299
1125,0.2141414141414141
1126,-0.1414362519201228
1127,0.2006491046831955
1128,0.1279761904761904
1129,-0.0268012422360248
1130,-0.0569520085649118
1132,-0.0288067239559776
1133,0.0722108843537415
1134,-0.1857142857142857
1135,0.2140952380952381
1136,0.0116883116883116
1137,-0.0896825396825396
1138,-0.1195833333333333
1139,0.1994389073458841
1140,0.0936507936507936
1141,0.0056756756756756
1142,-0.0464024644945697
1144,0.3369633838383837
1145,0.0867127496159754
1146,-0.008122159090909
1147,0.0423101673101673
1148,-0.0431856622430393
1149,0.2709169618260528
1150,0.1332128099173553
1151,0.0942932728647014
1152,0.0495867768595041
1153,-0.0488416988416988
1154,-0.0238888888888888
1155,0.1143208643208643
1156,0.271875
1157,-0.1531746031746031
1158,-0.0444476619476619
1159,0.048782911077993
1160,0.3571428571428571
1161,-0.0576984126984126
1162,-0.0179487179487179
1163,0.5875
1164,-0.1728395061728395
1165,0.1277173913043478
1166,0.079656862745098
1167,0.0446000224846378
1168,0.0733809523809523
1169,0.1753105590062111
1170,0.0919191919191919
1171,0.1206349206349206
1172,-0.1258852258852258
1173,-0.0420875420875421
1174,-0.4158054711246201
1175,-0.0565993788819875
1176,0.4168225108225109
1177,0.3079046201814059
1178,0.0159768009768009
1179,0.2666666666666666
1180,0.1850427350427349
1181,0.1196280991735537
1182,-0.0324667178699436
1183,-0.0584126984126984
1184,-0.0174688057040998
1185,0.1390756302521008
1186,0.1503980482794042
1187,-0.0684210526315789
1188,0.126470588235294
1189,-0.0362850729517396
1191,0.2380952380952381
1192,-0.0547313797313797
1193,0.1242905242905242
1195,0.2534090909090908
1196,0.1662870945479641
1197,0.2798701298701298
1198,0.3255967005967006
1199,-0.0161576354679802
1200,-0.300578231292517
1201,0.1330687830687831
1202,-0.1398697916666667
1203,-0.0472222222222222
1204,0.2223214285714286
1205,0.2836599073441179
1206,0.1089964494569757
1207,-0.0238095238095238
1208,-0.1736111111111111
1209,-0.1543890633176347
1211,-0.0021431419457735
1212,0.0625085508806439
1213,0.1041404612159329
1214,-0.032519608527673
1215,0.1103112291748655
1216,0.0646548541897379
1217,0.1230354136604136
1218,-0.0737244897959183
1219,0.0286976911976912
1220,-0.0379700854700854
1221,0.1388888888888889
1223,-0.0475459956709956
1224,0.2768347723704867
1225,-0.1608187134502923
1226,-0.1359848484848485
1227,0.0631944444444444
1228,-0.0682812013694366
1229,-0.1357142857142857
1230,0.0943877551020408
1231,0.0524305555555555
1232,0.164772475586429
1233,-0.096557239057239
1234,0.0148330596606458
1235,0.1519969278033794
1236,-0.2929842747613829
1238,0.0538194444444444
1239,-0.0773325358851674
1241,0.0
1242,0.1681818181818181
1243,-0.0048115079365079
1244,0.1192727272727272
1245,0.4104671717171718
1247,-0.1994855967078189
1249,-0.0652872260015117
1250,0.3392857142857143
1251,0.0705882352941176
1252,-0.0658333333333333
1253,-0.2233613373443881
1255,0.1346666666666666
1256,0.3294047619047618
1260,-0.0870408631772268
1263,0.1346726190476191
1267,0.1225206611570247
1271,0.0178310886644219
1272,0.1394912580959093
1273,0.0032944832944832
1274,0.4134731670445956
1275,-0.0815806878306878
1276,0.17835684430512
1277,0.0445364357864357
1278,-0.0555381944444444
1279,0.2972222222222222
1280,0.2497835497835497
1281,0.1720238095238095
1282,0.015
1283,0.2545454545454545
1284,0.1914614121510673
1285,0.1819727891156462
1286,0.0638528138528138
1287,0.217
1289,-0.0263039044289044
1290,0.2728166586499919
1291,-0.0178273809523809
1292,0.2286507936507937
1293,0.1485431235431235
1294,0.0106114050558494
1295,0.0741666666666667
1296,-0.1196581196581196
1297,0.0113932326177224
1298,0.2116452991452991
1299,-0.0862962962962963
1300,0.0995061728395061
1301,0.0508802308802308
1302,-0.1196111111111111
1303,0.1281110423967567
1304,0.1262030075187969
1305,0.0018181818181818
1306,-0.0119223484848484
1307,-0.0091055718475073
1308,0.0
1309,0.3507692307692308
1310,0.5214285714285715
1311,0.1701704545454545
1312,0.336875
1313,-0.1148550724637681
1314,0.1972222222222222
1315,0.3
1316,0.2690909090909091
1317,-0.0489615154237795
1318,0.1431919642857143
1319,-0.107347670250896
1320,-0.0873436748436748
1321,-0.0738275613275613
